{"ROC-AUC":{"Logistic Regression":0.6357534836,"Random Forest":0.6523485378,"Gradient Boosting":0.6878690698,"XGBoost":0.6934172497,"LightGBM":0.6925238863,"KNN":0.5924506491},"PR-AUC":{"Logistic Regression":0.6155248046,"Random Forest":0.6359088118,"Gradient Boosting":0.6712675151,"XGBoost":0.6786030692,"LightGBM":0.6781787403,"KNN":0.5824183831},"F1":{"Logistic Regression":0.6694218919,"Random Forest":0.6776538662,"Gradient Boosting":0.686646,"XGBoost":0.689227306,"LightGBM":0.6881846802,"KNN":0.6637564302}}